N1	N2	N3	N4	N5	N6	N7	N8	N9
1	1	1	1	1	1	1	1	1
2	2	2	2	2	2	2	2	2
3	3	3	3	3	3	3	3	3
4	4	4	4	4	4	4	4	4
5	5	5	5	5	5	5	5	5
6	6	6	6	6	6	6	6	6
7	7	7	7	7	7	7	7	7
8	8	8	8	8	8	8	8	8
9	9	9	9	9	9	9	9	9
10	10	10	10	10	10	10	10	10
11	11	11	11	11	11	11	11	11
12	12	12	12	12	12	12	12	12
13	13	13	13	13	13	13	13	13
14	14	14	14	14	14	14	14	14
15	15	15	15	15	15	15	15	15
16	16	16	16	16	16	16	16	16
17	17	17	17	17	17	17	17	17
18	18	18	18	18	18	18	18	18
19	19	19	19	19	19	19	19	19
20	20	20	20	20	20	20	20	20
21	21	21	21	21	21	21	21	21
22	22	22	22	22	22	22	22	22
23	23	23	23	23	23	23	23	23
24	24	24	24	24	24	24	24	24
25	25	25	25	25	25	25	25	25
26	26	26	26	26	26	26	26	26
27	27	27	27	27	27	27	27	27
28	28	28	28	28	28	28	28	28
29	29	29	29	29	29	29	29	29
30	30	30	30	30	30	30	30	30
31	31	31	31	31	31	31	31	31
32	32	32	32	32	32	32	32	32
33	33	33	33	33	33	33	33	33
34	34	34	34	34	34	34	34	34
35	35	35	35	35	35	35	35	35
36	36	36	36	36	36	36	36	36
37	37	37	37	37	37	37	37	37
38	38	38	38	38	38	38	38	38
39	39	39	39	39	39	39	39	39
40	40	40	40	40	40	40	40	40
41	41	41		41	41	41	41	41
42	42	42	41	42	42	42	42	42
43	43	43	42	43	43	43	43	43
44	44	44	43	44	44	44	44	44
45	45	45	44		45	45		45
46	46	46	45		46	46		46
47	47	47	46		47			47
48	48	48	47		48			48
	49	49			49			49
	50	50			50			50
	51	51			51			51
	52	52			52			
		53						
		54						
		55						
		56			53			
		57			54	47		52
49	53	58	48	45	55	48	45	53
50	54	59	49	46	56	49	46	54
51	55	60	50	47	57	50	47	55
52	56	61	51	48	58	51	48	56
53	57	62	52	49	59	52	49	57
54	58	63	53	50	60	53	50	58
55	59	64	54		61	54	51	59
								60
56			55		62	55	52	61
57	60	65	56	51	63	56	53	62
58	61	66	57	52	64	57	54	63
59	62	67	58	53	65	58	55	64
60	63	68	59	54	66	59	56	65
61				55			57	
				56			58	
			60	57		60	59	
62			61	58		61	60	
63	64	69	62	59	67	62	61	66
64	65	70	63	60	68	63	62	67
65	66	71	64	61	69	64	63	68
66	67	72	65	62	70	65	64	69
67	68	73	66	63	71	66	65	70
68			67	64		67	66	71
69	69	74	68	65		68	67	72
70	70	75	69	66	72	69	68	73
71	71	76	70	67	73	70	69	74
72	72	77	71	68	74	71	70	75
73	73	78	72	69	75	72	71	76
74	74	79	73	70	76	73	72	77
75	75	80	74	71	77	74	73	78
76	76	81	75	72	78	75	74	79
77	77	82	76	73	79	76	75	80
78	78	83	77	74		77	76	
79	79	84	78	75		78	77	
80	80	85	79	76	80	79	78	81
81	81	86	80	77	81	80	79	82
82	82	87	81	78	82	81	80	83
83	83	88	82	79	83	82	81	84
84	84	89	83	80	84	83	82	85
85	85		84	81	85	84	83	86
86	86		85	82	86	85	84	87
87	87		86	83	87	86	85	88
88	88		87	84	88	87	86	89
89	89		88	85	89	88	87	90
90	90	90	89	86	90	89	88	91
91	91	91	90	87	91	90	89	92
92	92	92	91	88	92	91	90	93
93	93	93	92	89	93	92	91	94
94	94	94	93	90	94	93	92	95
95	95	95	94	91	95	94	93	96
96	96	96	95	92	96	95	94	97
97	97	97	96	93	97	96	95	98
98	98	98	97	94	98	97	96	99
99	99	99	98	95	99	98	97	100
100	100	100	99	96	100	99	98	101
101	101	101	100	97	101	100	99	102
102	102	102	101	98	102	101	100	103
103	103	103	102	99	103	102	101	104
104	104	104	103	100	104	103	102	105
105	105	105	104	101	105	104	103	106
106	106	106	105	102	106	105	104	107
107	107	107	106	103	107	106	105	108
108	108	108	107	104	108	107	106	109
109	109	109	108	105	109	108	107	110
110	110	110	109	106	110	109	108	111
111	111	111	110	107	111	110	109	112
112	112	112	111	108	112	111	110	113
113	113	113	112	109	113	112	111	114
114	114	114	113	110	114	113	112	115
115	115	115	114	111	115	114	113	116
116	116	116	115	112	116	115	114	117
117	117	117	116	113	117	116	115	118
118	118	118	117	114	118	117	116	119
119	119	119	118	115	119	118	117	120
120	120	120	119	116	120	119	118	121
121	121	121	120	117	121	120	119	122
122	122	122	121	118	122	121	120	123
123	123	123	122	119	123	122	121	124
124	124	124	123	120	124	123	122	125
125	125	125	124	121	125	124	123	126
126	126	126	125	122	126	125	124	127
127	127	127	126	123	127	126	125	128
128	128	128	127	124	128	127	126	129
129	129	129	128	125	129	128	127	130
130	130	130	129	126	130	129	128	131
131	131	131	130	127	131	130	129	132
132	132	132	131	128	132	131	130	133
133	133	133	132	129	133	132	131	134
134	134	134	133	130	134	133	132	135
135	135	135	134	131	135	134	133	136
136	136	136	135	132	136	135	134	137
137	137	137	136	133	137	136	135	138
138	138	138	137	134	138	137	136	139
139	139	139	138	135	139	138	137	140
140	140	140	139	136	140	139	138	141
141	141	141	140	137	141	140	139	142
142	142	142	141	138	142	141	140	143
143	143	143	142	139	143	142	141	144
144	144	144	143	140	144	143	142	145
145	145	145	144	141	145	144	143	146
146	146	146	145	142	146	145	144	147
147	147	147	146	143	147	146	145	148
148	148	148	147	144	148	147	146	149
149	149	149	148	145	149	148	147	150
150	150	150	149	146	150	149	148	151
151	151	151	150	147	151	150	149	152
152	152	152	151	148	152	151	150	153
153	153	153	152	149	153	152	151	154
154	154	154	153	150	154	153	152	155
155	155	155	154	151	155	154	153	156
156	156	156	155	152	156	155	154	157
157	157	157	156	153	157	156	155	158
158	158	158	157	154	158	157	156	159
159	159	159	158	155	159	158	157	160
160	160	160	159	156	160	159	158	161
161	161	161	160	157	161	160	159	162
162	162	162	161	158	162	161	160	163
163	163	163	162	159	163	162	161	164
164	164	164	163	160	164	163	162	165
165	165	165	164	161	165	164	163	166
166		166	165	162	166	165	164	167
167	166	167	166	163	167	166	165	168
168	167	168	167	164	168	167	166	169
169	168	169	168	165	169	168	167	170
170	169	170	169	166	170	169	168	171
171	170	171	170	167	171	170	169	172
172	171	172	171	168	172	171	170	173
173	172	173	172	169	173	172	171	174
174	173	174	173	170	174	173	172	175
175	174	175	174	171	175	174	173	176
176	175	176	175	172	176	175	174	177
177	176	177	176	173	177	176	175	178
178	177	178	177	174	178	177	176	179
179	178	179	178	175	179	178	177	180
180	179	180	179	176	180	179	178	181
181	180	181	180	177	181	180	179	182
182	181	182	181	178	182	181	180	183
183	182	183	182	179	183	182	181	184
184	183	184	183	180	184	183	182	185
185	184	185	184	181	185	184	183	186
186	185	186	185	182	186	185	184	187
187	186	187	186	183	187	186	185	188
188	187	188	187	184	188	187	186	189
189	188	189	188	185	189	188	187	190
190	189	190	189	186	190	189	188	191
191	190	191	190	187	191	190	189	192
192	191	192	191	188	192	191	190	193
193	192	193	192	189	193	192	191	194
194	193	194	193	190	194	193	192	195
195	194	195	194	191	195	194	193	196
196	195	196	195	192	196	195	194	197
197	196	197	196	193	197	196	195	198
198	197	198	197	194	198	197	196	199
199	198	199	198	195	199	198	197	200
200	199	200	199	196	200	199	198	201
201	200	201	200	197	201	200	199	202
202	201	202	201	198	202	201	200	203
203	202	203	202	199	203	202	201	204
204	203	204	203	200	204	203	202	205
205	204	205	204	201	205	204	203	206
206	205	206	205	202	206	205	204	207
207	206	207	206	203	207	206	205	208
208	207	208	207	204	208	207	206	209
209	208	209	208	205	209	208	207	210
210	209	210	209	206	210	209	208	211
211	210	211	210	207	211	210	209	212
212	211	212	211	208	212	211	210	213
213	212	213	212	209	213	212	211	214
214	213	214	213	210	214	213	212	215
215	214	215	214	211	215	214	213	216
216	215	216	215	212	216	215	214	217
217	216	217	216	213	217	216	215	218
218	217	218	217	214	218	217	216	219
219	218	219	218	215	219	218	217	220
220	219	220	219	216	220	219	218	221
221	220	221	220	217	221	220	219	222
222	221	222	221	218	222	221	220	223
223	222	223	222	219	223	222	221	224
224	223	224	223	220	224	223	222	225
225	224	225	224	221	225	224	223	226
226	225	226	225	222	226	225	224	227
227	226	227	226	223	227	226	225	228
228	227	228	227	224	228	227	226	229
229	228	229	228	225	229	228	227	230
230	229	230	229	226	230	229	228	231
231	230	231	230	227	231	230	229	232
232	231	232	231	228	232	231	230	233
233	232	233	232	229	233	232	231	234
234	233	234	233	230	234	233	232	235
235	234	235	234	231	235	234	233	236
236	235	236	235	232	236	235	234	237
237	236	237	236	233	237	236	235	238
238	237	238	237	234	238	237	236	239
239	238	239	238	235	239	238	237	240
240	239	240	239	236	240	239	238	241
241	240	241	240	237	241	240	239	242
242	241	242	241	238	242	241	240	243
243	242	243	242	239	243	242	241	244
244	243	244	243	240	244	243	242	245
245	244	245	244	241	245	244	243	246
246	245	246	245	242	246	245	244	247
247	246	247	246	243	247	246	245	248
248	247	248	247	244	248	247	246	249
249	248	249	248	245	249	248	247	250
250	249	250	249	246	250	249	248	251
251	250	251	250	247	251	250	249	252
252	251	252	251	248	252	251	250	253
253	252	253	252	249	253	252	251	254
254	253	254	253	250	254	253	252	255
255	254	255	254	251	255	254	253	256
256	255	256	255	252	256	255	254	257
257	256	257	256	253	257	256	255	258
258	257	258	257	254	258	257	256	259
259	258	259	258	255	259	258	257	260
260	259	260	259	256	260	259	258	261
261	260	261	260	257	261	260	259	262
262	261	262	261	258	262	261	260	263
263	262	263	262	259	263	262	261	264
264	263	264	263	260	264	263	262	265
265	264	265	264	261	265	264	263	266
266	265	266	265	262	266	265	264	267
267	266	267	266	263	267	266	265	268
268	267	268	267	264	268	267	266	269
269	268	269	268	265	269	268	267	270
270	269	270	269	266	270	269	268	271
271	270	271	270	267	271	270	269	272
272	271	272	271	268	272	271	270	273
273	272	273	272	269	273	272	271	274
		274						
274	273	275	273	270	274	273	272	275
275	274	276	274	271	275	274	273	276
276	275	277	275	272	276	275	274	277
277	276	278	276	273	277	276	275	278
278	277	279	277	274	278	277	276	279
279	278	280	278	275	279	278	277	280
280	279	281	279	276	280	279	278	281
281	280	282	280	277	281	280	279	282
282	281	283	281	278	282	281	280	283
283	282	284	282	279	283	282	281	284
284	283	285	283	280	284	283	282	285
285	284	286	284	281	285	284	283	286
286	285		285	282	286	285	284	287
287	286	287	286	283	287	286	285	288
288	287	288	287	284	288	287	286	289
289	288	289	288	285	289	288	287	290
290	289	290	289	286	290	289	288	291
291	290	291	290	287	291	290	289	292
292	291	292	291	288	292	291	290	293
293	292	293	292	289	293	292	291	294
294	293	294	293	290	294	293	292	295
295	294	295	294	291	295	294	293	296
296	295	296	295	292	296	295	294	297
297	296	297	296	293	297	296	295	298
298	297	298	297	294	298	297	296	299
299	298	299	298	295	299	298	297	300
300	299	300	299	296	300	299	298	301
301	300	301	300	297	301	300	299	302
302	301	302	301	298	302	301	300	303
303	302	303	302	299	303	302	301	304
304	303	304	303	300	304	303	302	305
305	304	305	304	301	305	304	303	306
306	305	306	305	302	306	305	304	307
307	306	307	306	303	307	306	305	308
	307				308	307		309
308	308	308	307	304	309	308	306	310
309	309	309	308	305	310	309	307	311
310	310	310	309	306	311	310	308	312
311	311	311	310	307	312	311	309	313
312	312	312	311	308	313	312	310	314
313	313	313	312	309	314	313	311	315
314	314	314	313	310	315	314	312	316
315	315	315	314	311	316	315	313	317
316	316	316	315	312	317	316	314	318
317	317	317	316	313	318	317	315	319
318	318	318	317	314	319	318	316	320
319	319	319	318	315	320	319	317	321
320	320	320	319	316	321	320	318	322
321	321	321	320	317	322	321	319	323
322	322	322	321	318	323	322	320	324
323	323	323	322	319	324	323	321	325
324	324	324	323	320	325	324	322	326
325	325	325	324	321	326	325	323	327
326	326	326	325	322	327	326	324	328
327	327	327	326	323	328	327	325	329
328	328	328	327	324	329	328	326	330
329	329	329	328	325	330	329	327	331
330	330	330	329	326	331	330	328	332
331	331	331	330	327	332	331	329	333
	332	332		328	333	332	330	334
	333			329			331	
332	334	333	331	330	334	333	332	335
333	335	334	332	331	335	334	333	336
334	336	335	333	332	336	335	334	337
335	337	336	334	333	337	336	335	338
336	338	337	335	334	338	337	336	339
337	339	338	336	335	339	338	337	340
338	340	339	337	336	340	339	338	341
339		340	338	337	341	340	339	342
340	341	341	339	338	342	341	340	343
341	342	342	340	339	343	342	341	344
342	343	343	341	340	344	343	342	345
343	344	344	342	341	345	344	343	346
				342				
	345	345	343	343	346	345		
	346	346	344	344	347	346		347
344	347	347	345	345	348	347	344	348
345	348	348	346	346	349	348	345	349
346	349	349	347	347	350	349	346	350
347	350	350	348	348	351	350	347	351
348	351	351	349	349	352	351	348	352
349	352	352	350	350	353	352	349	353
350	353	353	351	351	354	353	350	354
351	354	354	352	352	355	354	351	355
352	355	355	353	353	356	355	352	356
353	356	356	354	354	357	356	353	357
354	357	357	355	355	358	357	354	358
355	358	358	356	356	359	358	355	359
356	359	359	357	357	360	359	356	360
357	360	360	358	358	361	360	357	361
358	361	361	359	359	362	361	358	362
359	362	362	360	360	363	362	359	363
360	363	363	361	361	364	363	360	364
361	364	364	362	362	365	364	361	365
362	365	365	363	363	366	365	362	366
363	366	366	364	364	367	366	363	367
364	367	367	365	365	368	367	364	368
365	368	368	366	366	369	368	365	369
366	369	369	367	367	370	369	366	370
367	370	370	368	368	371	370	367	371
368	371	371	369	369	372	371	368	372
369	372	372	370	370	373	372	369	373
370	373	373	371	371	374	373	370	374
371	374	374	372	372	375	374	371	375
372	375	375	373	373	376	375	372	376
373	376	376	374	374	377	376	373	377
374	377	377	375	375	378	377	374	378
375	378	378	376	376	379	378	375	379
376	379	379	377	377	380	379	376	380
377	380	380	378	378	381	380	377	381
378	381	381	379	379	382	381	378	382
379	382	382	380	380	383	382	379	383
380	383	383	381	381	384	383	380	384
381	384	384	382	382	385	384	381	385
382	385	385	383	383	386	385	382	386
383	386	386	384	384	387	386	383	387
384	387	387	385	385	388	387	384	388
385	388	388	386	386	389	388	385	389
	389	389						
386	390	390	387	387	390	389	386	390
387	391	391	388	388	391	390	387	391
388	392	392	389	389	392	391	388	392
389	393	393	390	390	393	392	389	393
390	394	394	391	391	394	393	390	394
391	395	395	392	392	395	394	391	395
392	396	396	393	393	396	395	392	396
393	397	397	394	394	397	396	393	397
394	398	398	395	395	398	397	394	398
395	399	399	396	396	399	398	395	399
396	400	400	397	397	400	399	396	400
397	401	401	398	398	401	400	397	401
398	402	402	399	399	402	401	398	402
399	403	403	400	400	403	402	399	403
400	404	404	401	401	404	403	400	404
401	405	405	402	402	405	404	401	405
402	406	406	403	403	406	405	402	406
403	407	407	404	404	407	406	403	407
404	408	408	405	405	408	407	404	408
405	409	409	406	406	409	408	405	409
406	410	410	407	407	410	409	406	410
407	411	411	408	408	411	410	407	411
408	412	412	409	409	412	411	408	412
409			410	410			409	
410			411	411			410	
411			412	412	413	412	411	413
412			413	413	414	413	412	414
						414		
413	413	413	414	414	415	415	413	415
414	414	414	415	415	416	416	414	416
415	415	415	416	416	417	417	415	417
416	416	416	417	417	418	418	416	418
417	417	417	418	418	419	419	417	419
418	418	418	419	419	420	420	418	420
419	419	419	420	420	421	421	419	421
420	420	420	421	421	422	422	420	422
421	421	421	422	422	423	423	421	423
422	422	422	423	423	424	424	422	424
423	423	423	424	424	425	425	423	425
424	424	424	425	425	426	426	424	426
425	425	425	426	426	427	427	425	427
426	426	426	427	427	428	428	426	428
427	427	427	428	428	429	429	427	429
428	428	428	429	429	430	430	428	430
429	429	429	430	430	431	431	429	431
430	430	430	431	431	432	432	430	432
431	431	431	432	432	433	433	431	433
432	432	432	433	433	434	434	432	434
433	433	433	434	434	435	435	433	435
434	434	434	435	435	436	436	434	436
435	435	435	436	436	437	437	435	437
		436				438		
	436	437		437	438	439		438
436	437	438	437	438	439	440	436	439
437	438	439	438	439	440	441	437	440
438	439	440	439	440	441	442	438	441
439	440	441	440	441	442	443	439	442
440	441	442	441	442	443	444	440	443
441	442	443	442	443	444	445	441	444
442	443	444	443	444	445	446	442	445
443	444	445	444	445	446	447	443	446
444	445	446	445	446	447	448	444	447
445	446	447	446	447	448	449	445	448
446	447	448	447	448	449	450	446	449
447	448	449	448	449	450	451	447	450
448	449	450	449	450	451	452	448	451
449	450	451	450	451	452	453	449	452
450	451	452	451	452	453	454	450	453
451	452	453	452	453	454	455	451	454
452	453	454	453	454	455	456	452	455
453	454	455	454	455	456	457	453	456
454	455	456	455	456	457	458	454	457
455	456	457	456	457	458	459	455	458
456	457	458	457	458	459	460	456	459
457	458	459	458	459	460	461	457	460
458	459	460	459	460	461	462	458	461
459	460	461	460	461	462	463	459	462
460	461	462	461	462	463	464	460	463
461	462	463	462	463	464	465	461	464
462	463	464	463	464	465	466	462	465
463	464	465	464	465	466	467	463	466
464	465	466	465	466	467	468	464	467
465	466	467	466	467	468	469	465	468
466	467	468	467	468	469	470	466	469
467	468	469	468	469	470	471	467	470
468	469	470	469	470			468	
469			470	471			469	
				472			470	
