H5	H1	H2	H3	H4	H6	H7	H8	H9	H10	H11	H12	H13	H14	H15	H16
1	1	1	11	7	1	1	2	1	2	1	2	1	10	1	1
2	2	2	12	8	2	2	3	2	3	2	3	2	11	2	2
3	3	3	13	9	3	3	4	3	4	3	4	3	12	3	3
4	4	4	14	10	4	4	5	4	5	4	5	4	13	4	4
5	5	5	15	11	5	5	6	5	6	5	6	5	14	5	5
6	6	6	16	12	6	6	7	6	7	6	7	6	15	6	6
7	7	7	17	13	7	7	8	7	8	7	8	7	16	7	7
8	8	8	18	14	8	8	9	8	9	8	9	8	17	8	8
9	9	9	19	15	9	9	10	9	10	9	10	9	18	9	9
10	10	10	20	16	10	10	11	10	11	10	11	10	19	10	10
11	11	11	21	17	11	11	12	11	12	11	12	11	20	11	11
12	12	12	22	18	12	12	13	12	13	12	13	12	21	12	12
13	13	13	23	19	13	13	14	13	14	13	14	13	22	13	13
14	14	14	24	20	14	14	15	14	15	14	15	14	23	14	14
15	15	15	25	21	15	15	16	15	16	15	16	15	24	15	15
16	16	16	26	22	16	16	17	16	17	16	17	16	25	16	16
17	17	17	27	23	17	17	18	17	18	17	18	17	26	17	17
18	18	18	28	24	18	18	19	18	19	18	19	18	27	18	18
19	19	19	29	25	19	19	20	19	20	19	20	19	28	19	19
20	20	20	30	26	20	20	21	20	21	20	21	20	29	20	20
21	21	21	31	27	21	21	22	21	22	21	22	21	30	21	21
22	22	22	32	28	22	22	23	22	23	22	23	22	31	22	22
23	23	23	33	29	23	23	24	23	24	23	24	23	32	23	23
24	24	24	34	30	24	24	25	24	25	24	25	24	33	24	24
25	25	25	35	31	25	25	26	25	26	25	26	25	34	25	25
26	26	26	36	32	26	26	27	26	27	26	27	26	35	26	26
27	27	27	37	33	27	27	28	27	28	27	28	27	36	27	27
28	28	28	38	34	28	28	29	28	29	28	29	28	37	28	28
29	29	29	39	35	29	29	30	29	30	29	30	29	38	29	29
30	30	30	40	36	30	30	31	30	31	30	31	30	39	30	30
31	31	31	41	37	31	31	32	31	32	31	32	31	40	31	31
32	32	32	42	38	32	32	33	32	33	32	33	32	41	32	32
33	33	33	43	39	33	33	34	33	34	33	34	33	42	33	33
34	34	34	44	40	34	34	35	34	35	34	35	34	43	34	34
35	35	35	45	41	35	35	36	35	36	35	36	35	44	35	35
36	36	36	46	42	36	36	37	36	37	36	37	36	45	36	36
37	37	37	47	43	37	37	38	37	38	37	38	37	46	37	37
38	38	38	48	44	38	38	39	38	39	38	39	38	47	38	38
39	39	39	49	45	39	39	40	39	40	39	40	39	48	39	39
40	40	40	50	46	40	40	41	40	41	40	41	40	49	40	40
41	41	41	51	47	41	41	42	41	42	41	42	41	50	41	41
42	42	42	52	48	42	42	43	42	43	42	43	42	51	42	42
43	43	43	53	49	43	43	44	43	44	43	44	43	52	43	43
44	44	44	54	50	44	44	45	44	45	44	45	44	53	44	44
45	45	45			45		46	45		45	46	45			45
46	46	46	55	51	46	45	47	46	46	46	47	46	54	45	46
47	47	47	56	52	47	46	48	47	47	47	48	47	55	46	47
48	48	48	57	53	48	47	49	48	48	48	49	48	56	47	48
49	49	49	58	54	49	48	50	49	49	49	50	49	57	48	49
50	50	50	59	55	50	49	51	50	50	50	51	50	58	49	50
51	51	51	60	56	51	50	52	51	51	51	52	51	59	50	51
52	52	52	61	57	52	51	53	52	52	52	53	52	60	51	52
53	53	53	62	58	53	52	54	53	53	53	54	53	61	52	53
54	54	54	63	59	54	53	55	54	54	54	55	54	62	53	54
55	55	55	64	60	55	54	56	55	55	55	56	55	63	54	55
56	56	56	65	61	56	55	57	56	56	56	57	56	64	55	56
57	57	57	66	62	57	56	58	57	57	57	58	57	65	56	57
58	58	58	67	63	58	57	59	58	58	58	59	58	66	57	58
59	59	59	68	64	59	58	60	59	59	59	60	59	67	58	59
60	60	60	69	65	60	59	61	60	60	60	61	60	68	59	60
61	61	61	70	66	61	60	62	61	61	61	62	61	69	60	61
62	62	62	71	67	62	61	63	62	62	62	63	62	70	61	62
63	63	63	72	68	63	62	64	63	63	63	64	63	71	62	63
64	64	64	73	69	64	63	65	64	64	64	65	64	72	63	64
65	65	65	74	70	65	64	66	65	65	65	66	65	73	64	65
66	66	66	75	71	66	65	67	66	66	66	67	66	74	65	66
67	67	67	76	72	67	66	68	67	67	67	68	67	75	66	67
68	68	68	77	73	68	67	69	68	68	68	69	68	76	67	68
69	69	69	78	74	69	68	70	69	69	69	70	69	77	68	69
70	70	70	79	75	70	69	71	70	70	70	71	70	78	69	70
71	71	71	80	76	71	70	72	71	71	71	72	71	79	70	71
72	72	72	81	77	72	71	73	72	72	72	73	72	80	71	72
73	73	73	82	78	73	72	74	73	73	73	74	73	81	72	73
74	74	74			74		75	74		74	75	74			74
75	75	75	83	79	75	73	76	75	74	75	76	75	82	73	75
76	76	76	84	80	76	74	77	76	75	76	77	76	83	74	76
77	77	77	85	81	77	75	78	77	76	77	78	77	84	75	77
78	78	78	86	82	78	76	79	78	77	78	79	78	85	76	78
79	79	79	87	83	79	77	80	79	78	79	80	79	86	77	79
80	80	80	88	84	80	78	81	80	79	80	81	80	87	78	80
81	81	81	89	85	81	79	82	81	80	81	82	81	88	79	81
82	82	82	90	86	82	80	83	82	81	82	83	82	89	80	82
83	83	83	91	87	83	81	84	83	82	83	84	83	90	81	83
84	84	84	92	88	84	82	85	84	83	84	85	84	91	82	84
85	85	85			85		86	85		85	86	85			85
86	86	86	93	89	86	83	87	86	84	86	87	86	92	83	86
87	87	87	94	90	87	84	88	87	85	87	88	87	93	84	87
88	88	88	95	91	88	85	89	88	86	88	89	88	94	85	88
89	89	89	96	92	89	86	90	89	87	89	90	89	95	86	89
90	90	90	97	93	90	87	91	90	88	90	91	90	96	87	90
91	91	91	98	94	91	88	92	91	89	91	92	91	97	88	91
92	92	92	99	95	92	89	93	92	90	92	93	92	98	89	92
93	93	93	100	96	93	90	94	93	91	93	94	93	99	90	93
94	94	94	101	97	94	91	95	94	92	94	95	94	100	91	94
95	95	95	102	98	95	92	96	95	93	95	96	95	101	92	95
96	96	96	103	99	96	93	97	96	94	96	97	96	102	93	96
97	97	97	104	100	97	94	98	97	95	97	98	97	103	94	97
98	98	98	105	101	98	95	99	98	96	98	99	98	104	95	98
99	99	99	106	102	99	96	100	99	97	99	100	99	105	96	99
100	100	100	107	103	100	97	101	100	98	100	101	100	106	97	100
101	101	101	108	104	101	98	102	101	99	101	102	101	107	98	101
102	102	102	109	105	102	99	103	102	100	102	103	102	108	99	102
103	103	103	110	106	103	100	104	103	101	103	104	103	109	100	103
104	104	104	111	107	104	101	105	104	102	104	105	104	110	101	104
105	105	105	112	108	105	102	106	105	103	105	106	105	111	102	105
106	106	106	113	109	106	103	107	106	104	106	107	106	112	103	106
107	107	107	114	110	107	104	108	107	105	107	108	107	113	104	107
108	108	108	115	111	108	105	109	108	106	108	109	108	114	105	108
109	109	109	116	112	109	106	110	109	107	109	110	109	115	106	109
110	110	110	117	113	110	107	111	110	108	110	111	110	116	107	110
111	111	111	118	114	111	108	112	111	109	111	112	111	117	108	111
112	112	112	119	115	112	109	113	112	110	112	113	112	118	109	112
113	113	113	120	116	113	110	114	113	111	113	114	113	119	110	113
114	114	114	121	117	114	111	115	114	112	114	115	114	120	111	114
115	115	115	122	118	115	112	116	115	113	115	116	115	121	112	115
116	116	116	123	119	116	113	117	116	114	116	117	116	122	113	116
117	117	117	124	120	117	114	118	117	115	117	118	117	123	114	117
118	118	118	125	121	118	115	119	118	116	118	119	118	124	115	118
119	119	119			119		120	119		119	120	119			119
120	120	120			120		121	120		120	121	120			120
121	122	121	126	122	121	116	122	121	117	121	122	121	125	116	121
122	123	122	127	123	122	117	123	122	118	122	123	122	126	117	122
123	124	123	128	124	123	118	124	123	119	123	124	123	127	118	123
124	125	124	129	125	124	119			120	124			128	119	
125	126	125	130	126	125	120	125	124	121	125	125	124	129	120	124
126	127	126	131	127	126	121	126	125	122	126	126	125	130	121	125
127	128	127	132	128	127	122	127	126	123	127	127	126	131	122	126
128	129	128	133	129	128	123	128	127	124	128	128	127	132	123	127
129	130				129				125	129					
130	131	129	134	130	130	124	129	128	126	130	129	128	133	124	128
131	132	130	135	131	131	125	130	129	127	131	130	129	134	125	129
132	133	131	136	132	132	126	131	130	128	132	131	130	135	126	130
133	134	132	137	133	133	127	132	131	129	133	132	131	136	127	131
134	135	133	138	134	134	128	133	132	130	134	133	132	137	128	132
135	136	134	139	135	135	129	134	133	131	135	134	133	138	129	133
136	137	135	140	136	136	130	135	134	132	136	135	134	139	130	134
137	138	136	141	137	137	131	136		133	137	136	135	140	131	135
138	139	137	142	138	139		138		134	138	138	137	141		136
139	140	138	143	139	140	132	139		135	139	139	138	142	132	137
140	141	139	144	140	141	133	140		136	140	140	139	143	133	138
141	142	140	145	141	142	134	141	135	137	141	141	140	144	134	139
142	143	141	146	142	143	135	142	136	138	142	142	141	145	135	140
143	144	142	147	143	144	136	143	137	139	143	143	142	146	136	141
144	145	143	148	144	145	137	144	138	140	144	144	143	147	137	142
145	146	144	149	145	146	138	145	139	141	145	145	144	148	138	143
146	147	145	150	146	147	139	146	140	142	146	146	145	149	139	144
147	148	146	151	147	148	140	147	141	143	147	147	146	150	140	145
148	149	147	152	148	149	141	148	142	144	148	148	147	151	141	146
149	150	148	153	149	150	142	149	143	145	149	149	148	152	142	147
150	151	149	154	150	151	143	150	144	146	150	150	149	153	143	148
151	152	150	155	151	152	144	151	145	147	151	151	150	154	144	149
152	153	151	156	152	153	145	152	146	148	152	152	151	155	145	150
153	154	152	157	153	154	146	153	147	149	153	153	152	156	146	151
154	155	153	158	154	155	147	154	148	150	154	154	153	157	147	152
155	156	154	159	156	157	150	156	149	153	155	155	154	159	150	154
156	157	155	160	157	158	151	157	150	154	156	156	155	160	151	155
157	158	156	161	158	159	152	158	151	155	157	157	156	161	152	156
158	159	157	162	159	160	153	159	152	156	158	158	157	162	153	157
159	160	158	163	160	161	154	160	153	157	159	159	158	163	154	158
160	161	159	164	161	162	155	161	154	158	160	160	159	164	155	159
161	162	160	165	162	163	156	162	155	159	161	161	160	165	156	160
162	163	161	166	163	164	157	163	156	160	162	162	161	166	157	161
163	164	162	167	164	165	158	164	157	161	163	163	162	167	158	162
164	165	163	168	165	166	159	165	158	162	164	164	163	168	159	163
165	166	164	169	166	167	160	166	159	163	165	165	164	169	160	164
166	167	165	170	167	168	161	167	160	164	166	166	165	170	161	165
167	168	166	171	168	169	162	168	161	165	167	167	166	171	162	166
168	169	167	172	169	170	163	169	162	166	168	168	167	172	163	167
169	170	168	173	170	171	164	170	163	167	169	169	168	173	164	168
170	171	169	174	171	172	165	171	164	168	170	170	169	174	165	169
171	172	170	175	172	173	166	172	165	169	171	171	170	175	166	170
172	173	171	176	173	174	167	173	166	170	172	172	171	176	167	171
173	174	172	177	174	175	168	174	167	171	173	173	172	177	168	172
174	175	173	178	175	176	169	175	168	172	174	174	173	178	169	173
175	176	174	179	176	177	170	176	169	173	175	175	174	179	170	174
176	177	175	180	177	178	171	177	170	174	176	176	175	180	171	175
177	178	176	181	178	179	172	178	171	175	177	177	176	181	172	176
178	179	177	182	179	180	173	179	172	176	178	178	177	182	173	177
179	180	178	183	180	181	174	180	173	177	179	179	178	183	174	178
180	181	179	184	181	182	175	181	174	178	180	180	179	184	175	179
181	182	180	185	182	183	176	182	175	179	181	181	180	185	176	180
182	183	181	186	183	184	177	183	176	180	182	182	181	186	177	181
183	184	182	187	184	185	178	184	177	181	183	183	182	187	178	182
184	185	183	188	185	186	179	185	178	182	184	184	183	188	179	183
185	186	184	189	186	187	180	186	179	183	185	185	184	189	180	184
186	187	185	190	187	188	181	187	180	184	186	186	185	190	181	185
187	188	186	191	188	189	182	188	181	185	187	187	186	191	182	186
188	189	187	192	189	190	183	189	182	186	188	188	187	192	183	187
189	190	188	193	190	191	184	190	183	187	189	189	188	193	184	188
190	191	189	194	191	192	185	191	184	188	190	190	189	194	185	189
191	192	190	195	192	193	186	192	185	189	191	191	190	195	186	190
192	193	191	196	193	194	187	193	186	190	192	192	191	196	187	191
193	194	192	197	194	195	188	194	187	191	193	193	192	197	188	192
194	195	193	198	195	196	189	195	188	192	194	194	193	198	189	193
195	196	194	199	196	197	190	196	189	193	195	195	194	199	190	194
196	197	195	200	197	198	191	197	190	194	196	196	195	200	191	195
197	198	196	201	198	199	192	198	191	195	197	197	196	201	192	196
198	199	197	202	199	200	193	199	192	196	198	198	197	202	193	197
199	200	198	203	200	201	194	200	193	197	199	199	198	203	194	198
200	201	199	204	201	202	195	201	194	198	200	200	199	204	195	199
201	202	200	205	202	203	196	202	195	199	201	201	200	205	196	200
202	203	201	206	203	204	197	203	196	200	202	202	201	206	197	201
203	204	202	207	204	205	198	204	197	201	203	203	202	207	198	202
204	205	203	208	205	206	199	205	198	202	204	204	203	208	199	203
205	206	204	209	206	207	200	206	199	203	205	205	204	209	200	204
206	207	205	210	207	208	201	207	200	204	206	206	205	210	201	205
207	208	206	211	208	209	202	208	201	205	207	207	206	211	202	206
208	209	207	212	209	210	203	209	202	206	208	208	207	212	203	207
209	210	208	213	210	211	204	210	203	207	209	209	208	213	204	208
210	211	209	214	211	212	205	211	204	208	210	210	209	214	205	209
211	212	210	215	212	213	206	212	205	209	211	211	210	215	206	210
212	213	211	216	213	214	207	213	206	210	212	212	211	216	207	211
213	214	212	217	214	215	208	214	207	211	213	213	212	217	208	212
214	215	213	218	215	216	209	215	208	212	214	214	213	218	209	213
215	216	214	219	216	217	210	216	209	213	215	215	214	219	210	214
216	217	215	220	217	218	211	217	210	214	216	216	215	220	211	215
217	218	216	221	218	219	212	218	211	215	217	217	216	221	212	216
218	219	217	222	219	220	213	219	212	216	218	218	217	222	213	217
219	220	218	223	220	221	214	220	213	217	219	219	218	223	214	218
220	221	219	224	221	222	215	221	214	218	220	220	219	224	215	
221	222	220	225	222	223	216	222	215	219	221	221	220	225	216	219
222	223	221	226	223	224	217	223	216	220	222	222	221	226	217	220
223	224	222	227	224	225	218	224	217	221	223	223	222	227	218	221
224	225	223	228	225	226	219	225	218	222	224	224	223	228	219	222
225	226	224	229	226	227	220	226	219	223	225	225	224	229	220	223
226	227	225	230	227	228	221	227	220	224	226	226	225	230	221	224
227	228	226	231	228	229	222	228	221	225	227	227	226	231	222	225
228	229	227	232	229	230	223	229	222	226	228	228	227	232	223	226
229	230	228	233	230	231	224	230	223	227	229	229	228	233	224	227
230	231	229	234	231	232	225	231	224	228	230	230	229	234	225	228
231	232	230	235	232	233	226	232	225	229	231	231	230	235	226	229
232	233	231	236	233	234	227	233	226	230	232	232	231	236	227	230
233	234	232	237	234	235	228	234	227	231	233	233	232	237	228	231
234	235	233	238	235	236	229	235	228	232	234	234	233	238	229	232
235	236	234	239	236	237	230	236	229	233	235	235	234	239	230	233
236	237	235	240	237	238	231	237	230	234	236	236	235	240	231	234
237	238	236	241	238	239	232	238	231	235	237	237	236	241	232	235
238	239	237	242	239	240	233	239	232	236	238	238	237	242	233	236
239	240	238	243	240	241	234	240	233	237	239	239	238	243	234	237
240	241	239	244	241	242	235	241	234	238	240	240	239	244	235	238
241	242	240	245	242	243	236	242	235	239	241	241	240	245	236	239
242	243	241	246	243	244	237	243	236	240	242	242	241	246	237	240
243	244	242	247	244	245	238	244	237	241	243	243	242	247	238	241
244	245	243	248	245	246	239	245	238	242	244	244	243	248	239	242
245	246	244	249	246	247	240	246	239	243	245	245	244	249	240	243
246	247	245	250	247	248	241	247	240	244	246	246	245	250	241	244
247	248	246	251	248	249	242	248	241	245	247	247	246	251	242	245
248	249	247	252	249	250	243	249	242	246	248	248	247	252	243	246
249	250	248	253	250	251	244	250	243	247	249	249	248	253	244	247
250	251	249	254	251	252	245	251	244	248	250	250	249	254	245	248
251	252	250	255	252	253	246	252	245	249	251	251	250	255	246	249
252	253	251	256	253	254	247	253	246	250	252	252	251	256	247	250
253	254	252	257	254	255	248	254	247	251	253	253	252	257	248	251
254	255	253	258	255	256	249	255	248	252	254	254	253	258	249	252
255	256	254	259	256	257	250	256	249	253	255	255	254	259	250	253
256	257	255	260	257	258	251	257	250	254	256	256	255	260	251	254
257	258	256	261	258	259	252	258	251	255	257	257	256	261	252	255
258	259	257	262	259	260		259	252		258	258	257	262	253	256
259	260	258		260	262	253	261	253	256	259	259	258	263	263	257
260	261	259	263	261	263	254	262	254	257	260	260	259	264	264	258
261	262	260	264	262	264	255	263	255	258	261	261	260	265	265	259
262	263	261	265	263	265	256	264	256	259	262	262	261	266	266	260
263	264	262	266	264	266	257	265	257	260	263	263	262	267	267	261
264	265	263	267	265	267	258	266	258	261	264	264	263	268	268	262
265	266	264	268	266	268	259	267	259	262	265	265	264	269	269	263
266	267	265	269	267	269	260	268	260	263	266	266	265	270	270	264
267	268	266	270	268	270	261	269	261	264	267	267	266	271	271	265
268	269	267	271	269	271	262	270	262	265	268	268	267	272	272	266
269	270	268	272	270	272	263	271	263	266	269	269	268	273	273	267
270	271	269	273	271	273	264	272	264	267	270	270	269	274	274	268
271	272	270	274	272	274	265	273	265	268	271	271	270	275	275	269
272	273	271	275	273	275	266	274	266	269	272	272	271	276	276	270
273	274	272	276	274	276	267	275	267	270	273	273	272	277	277	271
274	275	273	277	275	277	268	276	268	271	274	274	273	278	278	272
275	276	274	278	276	278	269	277	269	272	275	275	274	279	279	273
276	277	275	279	277	279	270	278	270	273	276	276	275	280	280	274
277	278	276	280	278	280	271	279	271	274	277	277	276	281	281	275
278	279	277	281	279	281	272	280	272	275	278	278	277	282	282	276
279	280	278	282	280	282	273	281	273	276	279	279	278	283	283	277
280	281	279	283	281	283	274	282	274	277	280	280	279	284	284	278
281	282	280	284	282	284	275	283	275	278	281	281	280	285	285	279
282	283	281	285	283	285	276	284	276	279	282	282	281	286	286	280
283	284	282	286	284	286	277	285	277	280	283	283	282	287	287	281
284	285	283	287	285	287	278	286	278	281	284	284	283	288	288	282
285	286	284	288	286	288	279	287	279	282	285	285	284	289	289	283
286	287	285	289	287	289	280	288	280	283	286	286	285	290	290	284
287	288	286	290	288	290	281	289	281	284	287	287	286	291	291	285
288	289	287	291	289	291	282	290	282	285	288	288	287	292	292	286
289	290	288	292	290	292	283	291	283	286	289	289	288	293	293	287
290	291	289	293	291	293	284	292	284	287	290	290	289	294	294	288
291	292	290	294	292	294	285	293	285	288	291	291	290	295	295	289
292	293	291	295	293	295	286	294	286	289	292	292	291	296	296	290
293	294	292	296	294	296	287	295	287	290	293	293	292	297	297	291
294	295	293	297	295	297	288	296	288	291	294	294	293	298	298	292
295	296	294	298	296	298	289	297	289	292	295	295	294	299	299	293
296	297	295	299	297	299	290	298	290	293	296	296	295	300	300	294
297	298	296	300	298	300	291	299	291	294	297	297	296	301	301	295
298	299	297	301	299	301	292	300	292	295	298	298	297	302	302	296
299	300	298	302	300	302	293	301	293	296	299	299	298	303	303	297
300	301	299	303	301	303	294	302	294	297	300	300	299	304	304	298
301	302	300	304	302	304	295	303	295	298	301	301	300	305	305	299
302	303	301	305	303	305	296	304	296	299	302	302	301	306	306	300
303	304	302	306	304	306	297	305	297	300	303	303	302	307	307	301
304	305	303	307	305	307	298	306	298	301	304	304	303	308	308	302
305	306	304	308	306	308	299	307	299	302	305	305	304	309	309	303
306	307	305	309	307	309	300	308	300	303	306	306	305	310	310	304
307	308	306	310	308	310	301	309	301	304	307	307	306	311	311	305
308	309	307	311	309	311	302	310	302	305	308	308	307	312	312	306
309	310	308	312	310	312	303	311	303	306	309	309	308	313	313	307
310	311	309	313	311	313	304	312	304	307	310	310	309	314	314	308
311	312	310	314	312	314	305	313	305	308	311	311	310	315	315	309
312	313	311	315	313	315	306	314	306	309	312	312	311	316	316	310
313	314	312	316	314	316	307	315	307	310	313	313	312	317	317	311
314	315	313	317	315	317	308	316	308	311	314	314	313	318	318	312
315	316	314	318	316	318	309	317	309	312	315	315	314	319	319	313
316	317	315	319	317	319	310	318	310	313	316	316	315	320	320	314
317	318	316	320	318	320	311	319	311	314	317	317	316	321	321	315
318	319	317	321	319	321	312	320	312	315	318	318	317	322	322	316
319	320	318	322	320	322	313	321	313	316	319	319	318	323	323	317
320	321	319	323	321	323	314	322	314	317	320	320	319	324	324	318
321	322	320	324	322	324	315	323	315	318	321	321	320	325	325	319
322	323	321	325	323	325	316	324	316	319	322	322	321	326	326	320
323	324	322	326	324	326	317	325	317	320	323	323	322	327	327	321
324	325	323	327	325	327	318	326	318	321	324	324	323	328	328	322
325	326	324	328	326	328	319	327	319	322	325	325	324	329	329	323
326	327	325	329	327	329	321	328	320	324	326	326	325	330	331	325
